{"learner":{"attributes":{"best_iteration":"2","best_score":"3.58741","scikit_learn":"{\"objective\": \"reg:squarederror\", \"max_depth\": 3, \"learning_rate\": null, \"verbosity\": null, \"booster\": null, \"tree_method\": null, \"gamma\": 3.7616538637257406, \"min_child_weight\": 10.0, \"max_delta_step\": null, \"subsample\": null, \"colsample_bytree\": 0.6514377830488824, \"colsample_bylevel\": null, \"colsample_bynode\": null, \"reg_alpha\": 135.0, \"reg_lambda\": 0.6513530628261957, \"scale_pos_weight\": null, \"base_score\": null, \"missing\": NaN, \"num_parallel_tree\": null, \"kwargs\": {}, \"random_state\": null, \"n_jobs\": null, \"monotone_constraints\": null, \"interaction_constraints\": null, \"importance_type\": \"gain\", \"gpu_id\": null, \"validate_parameters\": null, \"n_features_in_\": 14, \"evals_result_\": {\"validation_0\": {\"rmse\": [12.658667, 12.189718, 11.889917, 11.600265, 11.414672, 11.197971, 11.034647, 10.891766, 10.777148, 10.683183, 10.553005, 10.454951, 10.360641]}, \"validation_1\": {\"rmse\": [4.433629, 4.004908, 3.58741, 3.683715, 3.905805, 4.049325, 4.022192, 4.354658, 4.433264, 4.398338, 4.575032, 4.474073, 4.686772]}}, \"best_score\": 3.58741, \"best_iteration\": 2, \"best_ntree_limit\": 3, \"type\": \"XGBRegressor\"}"},"gradient_booster":{"model":{"gbtree_model_param":{"num_trees":"13","size_leaf_vector":"0"},"tree_info":[0,0,0,0,0,0,0,0,0,0,0,0,0],"trees":[{"base_weights":[2.3866355E0,2.1576493E0,1.0433829E2,1.4112118E0,1.0328247E1,6.86996E-1,3.5415425E0,8.071708E0,1.9708344E1],"categories":[],"categories_nodes":[],"categories_segments":[],"categories_sizes":[],"default_left":[true,true,false,true,true,false,false,false,false],"id":0,"left_children":[1,3,-1,5,7,-1,-1,-1,-1],"loss_changes":[1.10343484E5,3.0965258E4,0E0,6.9991807E3,5.2826484E3,0E0,0E0,0E0,0E0],"parents":[2147483647,0,0,1,1,3,3,4,4],"right_children":[2,4,-1,6,8,-1,-1,-1,-1],"split_conditions":[1.072539E1,1.785351E0,3.1301487E1,6.435955E-1,3.9791517E0,2.0609881E-1,1.0624628E0,2.4215124E0,5.9125032E0],"split_indices":[13,13,0,13,13,0,0,0,0],"split_type":[0,0,0,0,0,0,0,0,0],"sum_hessian":[5.348E3,5.338E3,1E1,4.907E3,4.31E2,3.71E3,1.197E3,3.6E2,7.1E1],"tree_param":{"num_deleted":"0","num_feature":"14","num_nodes":"9","size_leaf_vector":"0"}},{"base_weights":[1.7059141E0,1.5226903E0,8.076222E1,7.763461E-1,5.952113E0,8.300092E-2,1.6074015E0,4.9726157E0,1.5390118E1],"categories":[],"categories_nodes":[],"categories_segments":[],"categories_sizes":[],"default_left":[true,true,false,true,true,false,false,false,false],"id":1,"left_children":[1,3,-1,5,7,-1,-1,-1,-1],"loss_changes":[6.6286625E4,1.6737557E4,0E0,2.4197612E3,4.0758691E3,0E0,0E0,0E0,0E0],"parents":[2147483647,0,0,1,1,3,3,4,4],"right_children":[2,4,-1,6,8,-1,-1,-1,-1],"split_conditions":[4.225E2,1.300962E0,2.4228668E1,2.7685302E-1,5.002571E0,2.4900278E-2,4.8222047E-1,1.4917848E0,4.6170354E0],"split_indices":[5,13,0,12,13,0,0,0,0],"split_type":[0,0,0,0,0,0,0,0,0],"sum_hessian":[5.348E3,5.338E3,1E1,4.595E3,7.43E2,2.594E3,2.001E3,6.87E2,5.6E1],"tree_param":{"num_deleted":"0","num_feature":"14","num_nodes":"9","size_leaf_vector":"0"}},{"base_weights":[1.2281841E0,1.0190308E0,5.1042274E1,4.5015746E-1,3.596412E0,1.1250576E-2,9.63525E-1,2.760099E0,6.284452E0],"categories":[],"categories_nodes":[],"categories_segments":[],"categories_sizes":[],"default_left":[true,true,false,true,true,false,false,false,false],"id":2,"left_children":[1,3,-1,5,7,-1,-1,-1,-1],"loss_changes":[4.866428E4,7.2670107E3,0E0,8.6198334E2,8.373506E2,0E0,0E0,0E0,0E0],"parents":[2147483647,0,0,1,1,3,3,4,4],"right_children":[2,4,-1,6,8,-1,-1,-1,-1],"split_conditions":[4.5395E0,1.0465164E0,1.5312683E1,2.54123E-1,1.1314554E0,3.3751728E-3,2.8905752E-1,8.280297E-1,1.8853357E0],"split_indices":[11,12,0,12,7,0,0,0,0],"split_type":[0,0,0,0,0,0,0,0,0],"sum_hessian":[5.348E3,5.329E3,1.9E1,4.409E3,9.2E2,2.519E3,1.89E3,7.41E2,1.79E2],"tree_param":{"num_deleted":"0","num_feature":"14","num_nodes":"9","size_leaf_vector":"0"}},{"base_weights":[8.922477E-1,7.3603445E-1,6.646015E1,4.9314362E-1,3.9429686E0,8.705401E-2,1.1660326E0,4.834865E0,-8.476545E0],"categories":[],"categories_nodes":[],"categories_segments":[],"categories_sizes":[],"default_left":[true,true,false,true,true,false,false,false,false],"id":3,"left_children":[1,3,-1,5,7,-1,-1,-1,-1],"loss_changes":[4.5680613E4,3.5583203E3,0E0,1.1977577E3,3.264128E3,0E0,0E0,0E0,0E0],"parents":[2147483647,0,0,1,1,3,3,4,4],"right_children":[2,4,-1,6,8,-1,-1,-1,-1],"split_conditions":[2.27E2,2.0340219E0,1.9938046E1,4.63194E-1,2.5E0,2.6116204E-2,3.4980977E-1,1.4504596E0,-2.5429637E0],"split_indices":[6,13,0,12,10,0,0,0,0],"split_type":[0,0,0,0,0,0,0,0,0],"sum_hessian":[5.348E3,5.338E3,1E1,5.002E3,3.36E2,3.245E3,1.757E3,3.24E2,1.2E1],"tree_param":{"num_deleted":"0","num_feature":"14","num_nodes":"9","size_leaf_vector":"0"}},{"base_weights":[6.420582E-1,4.9960914E-1,5.0026707E1,1.0231761E-1,1.2349671E0,-1.1623679E-1,3.587801E-1,1.3548635E0,-5.169624E0],"categories":[],"categories_nodes":[],"categories_segments":[],"categories_sizes":[],"default_left":[true,true,false,true,true,false,false,false,false],"id":4,"left_children":[1,3,-1,5,7,-1,-1,-1,-1],"loss_changes":[3.0789336E4,1.378495E3,0E0,2.3369383E2,8.354087E2,0E0,0E0,0E0,0E0],"parents":[2147483647,0,0,1,1,3,3,4,4],"right_children":[2,4,-1,6,8,-1,-1,-1,-1],"split_conditions":[7.033122E4,6.906559E3,1.5008013E1,9.23685E-2,2.5E0,-3.4871038E-2,1.0763403E-1,4.0645906E-1,-1.5508872E0],"split_indices":[4,4,0,9,10,0,0,0,0],"split_type":[0,0,0,0,0,0,0,0,0],"sum_hessian":[5.348E3,5.336E3,1.2E1,3.584E3,1.752E3,1.651E3,1.933E3,1.741E3,1.1E1],"tree_param":{"num_deleted":"0","num_feature":"14","num_nodes":"9","size_leaf_vector":"0"}},{"base_weights":[4.511379E-1,3.076921E-1,5.9646725E1,1.5809521E-1,2.0290673E0,2.06081E-1,-2.8941402E0,-0E0,3.0277112E0],"categories":[],"categories_nodes":[],"categories_segments":[],"categories_sizes":[],"default_left":[true,true,false,true,true,false,false,false,false],"id":5,"left_children":[1,3,-1,5,7,-1,-1,-1,-1],"loss_changes":[3.7311504E4,1.079293E3,0E0,3.6757205E2,6.817501E2,0E0,0E0,0E0,0E0],"parents":[2147483647,0,0,1,1,3,3,4,4],"right_children":[2,4,-1,6,8,-1,-1,-1,-1],"split_conditions":[3.9961905E0,7.813635E-1,1.7894018E1,4.867392E4,1.3479123E4,6.1824303E-2,-8.682421E-1,-0E0,9.083134E-1],"split_indices":[7,7,0,4,4,0,0,0,0],"split_type":[0,0,0,0,0,0,0,0,0],"sum_hessian":[5.348E3,5.338E3,1E1,4.984E3,3.54E2,4.951E3,3.3E1,1.21E2,2.33E2],"tree_param":{"num_deleted":"0","num_feature":"14","num_nodes":"9","size_leaf_vector":"0"}},{"base_weights":[3.262433E-1,1.9918133E-1,5.1317623E1,-0E0,8.0308473E-1,-1.2632163E-1,1.2940487E-1,9.744289E-1,-6.510823E-1],"categories":[],"categories_nodes":[],"categories_segments":[],"categories_sizes":[],"default_left":[true,true,false,true,true,false,false,false,false],"id":6,"left_children":[1,3,-1,5,7,-1,-1,-1,-1],"loss_changes":[2.769284E4,6.283372E2,0E0,6.604941E1,3.686375E2,0E0,0E0,0E0,0E0],"parents":[2147483647,0,0,1,1,3,3,4,4],"right_children":[2,4,-1,6,8,-1,-1,-1,-1],"split_conditions":[1.072539E1,8.0683446E-1,1.53952875E1,9.23685E-2,2.525E2,-3.789649E-2,3.8821463E-2,2.923287E-1,-1.9532469E-1],"split_indices":[13,13,0,9,5,0,0,0,0],"split_type":[0,0,0,0,0,0,0,0,0],"sum_hessian":[5.348E3,5.338E3,1E1,4.036E3,1.302E3,1.975E3,2.061E3,1.248E3,5.4E1],"tree_param":{"num_deleted":"0","num_feature":"14","num_nodes":"9","size_leaf_vector":"0"}},{"base_weights":[2.3025706E-1,1.2181119E-1,4.189677E1,1.7373422E-1,-1.1075031E1,1.13683045E-1,1.1211737E1],"categories":[],"categories_nodes":[],"categories_segments":[],"categories_sizes":[],"default_left":[true,true,false,true,false,false,false],"id":7,"left_children":[1,3,-1,5,-1,-1,-1],"loss_changes":[1.8492379E4,1.6333309E3,0E0,2.0009824E3,0E0,0E0,0E0],"parents":[2147483647,0,0,1,1,3,3],"right_children":[2,4,-1,6,-1,-1,-1],"split_conditions":[4.225E2,2.5E0,1.2569032E1,1.5E0,-3.3225095E0,3.4104913E-2,3.363521E0],"split_indices":[5,10,0,10,0,0,0],